harga,alamat,fasilitas,spesifikasi
"Rp 2,2 Miliar","Ciledug, Tangerang","Taman,Tempat Jemuran, Akses Parkir,Keamanan 24 jam,Masjid, One Gate System, Playground, AC,Kitchen Set,Wastafel,Lapangan Basket,Lapangan Tenis","[['Kamar Tidur', '4'], ['Kamar Mandi', '4'], ['Luas Tanah', '180 m²'], ['Luas Bangunan', '165 m²'], ['Carport', '2'], ['Tipe Properti', 'Rumah'], ['Sertifikat', 'SHM - Sertifikat Hak Milik'], ['Daya Listrik', '2200 Watt'], ['Dapur', '1'], ['Ruang Makan', 'Ya'], ['Ruang Tamu', 'Tidak'], ['Kondisi Perabotan', 'Unfurnished'], ['Material Bangunan', 'Bata Merah'], ['Material Lantai', 'Keramik'], ['Jumlah Lantai', '2'], ['Hadap', 'Utara'], ['Konsep dan Gaya Rumah', 'Minimalis'], ['Pemandangan', 'Pemukiman Warga'], ['Terjangkau Internet', 'Ya'], ['Lebar Jalan', '2 Mobil'], ['Tahun Dibangun', '2015'], ['Tahun Di Renovasi', '2022'], ['Sumber Air', 'Sumur Pompa'], ['Hook', 'Ya'], ['Kondisi Properti', 'Sudah Renovasi'], ['ID Iklan', 'hos15289525']]"
"Rp 2,8 Miliar","Ciledug, Tangerang",Ac,"[['Kamar Tidur', '5'], ['Kamar Mandi', '4'], ['Luas Tanah', '384 m²'], ['Luas Bangunan', '270 m²'], ['Tipe Properti', 'Rumah'], ['Sertifikat', 'SHM - Sertifikat Hak Milik'], ['Daya Listrik', '2200 Watt'], ['Kamar Pembantu', '1'], ['Kondisi Perabotan', 'Unfurnished'], ['Jumlah Lantai', '1'], ['Kondisi Properti', 'Bagus'], ['ID Iklan', 'hos10988119']]"
Rp 700 Juta,"Ciledug, Tangerang",,"[['Kamar Tidur', '2'], ['Kamar Mandi', '1'], ['Luas Tanah', '72 m²'], ['Luas Bangunan', '50 m²'], ['Tipe Properti', 'Rumah'], ['Sertifikat', 'SHM - Sertifikat Hak Milik'], ['Daya Listrik', '1300 Watt'], ['Ruang Makan', 'Tidak'], ['Ruang Tamu', 'Tidak'], ['Jumlah Lantai', '1'], ['Terjangkau Internet', 'Tidak'], ['Lebar Jalan', '2 Mobil'], ['Sumber Air', 'Sumur Bor'], ['Hook', 'Tidak'], ['Kondisi Properti', 'Baru'], ['ID Iklan', 'hos15069221']]"
"Rp 2,45 Miliar","Ciledug, Tangerang"," Jogging Track, Kolam Renang,Masjid,Taman","[['Kamar Tidur', '4'], ['Kamar Mandi', '4'], ['Luas Tanah', '133 m²'], ['Luas Bangunan', '153 m²'], ['Tipe Properti', 'Rumah'], ['Sertifikat', 'SHM - Sertifikat Hak Milik'], ['Daya Listrik', '2200 Watt'], ['Jumlah Lantai', '2'], ['Kondisi Properti', 'bagus sekali'], ['ID Iklan', 'hos15070665']]"
"Rp 1,2 Miliar","Ciledug, Tangerang",,"[['Luas Tanah', '156 m²'], ['Luas Bangunan', '200 m²'], ['Tipe Properti', 'Rumah'], ['Sertifikat', 'SHM - Sertifikat Hak Milik'], ['Daya Listrik', '1300 Watt'], ['Ruang Makan', 'Tidak'], ['Ruang Tamu', 'Tidak'], ['Jumlah Lantai', '1'], ['Terjangkau Internet', 'Tidak'], ['Tahun Dibangun', '2011'], ['Tahun Di Renovasi', '2022'], ['Sumber Air', 'PAM atau PDAM'], ['Hook', 'Tidak'], ['Kondisi Properti', 'Bagus'], ['ID Iklan', 'hos15070782']]"
"Rp 1,4 Miliar","Ciledug, Tangerang","Taman,Tempat Jemuran, CCTV,Keamanan 24 jam, Kolam Renang, One Gate System, Playground,Track Lari","[['Kamar Tidur', '3'], ['Kamar Mandi', '2'], ['Luas Tanah', '75 m²'], ['Luas Bangunan', '75 m²'], ['Carport', '1'], ['Tipe Properti', 'Rumah'], ['Sertifikat', 'SHM - Sertifikat Hak Milik'], ['Daya Listrik', '2200 Watt'], ['Dapur', '1'], ['Ruang Makan', 'Ya'], ['Ruang Tamu', 'Ya'], ['Jumlah Lantai', '2'], ['Hadap', 'Timur'], ['Konsep dan Gaya Rumah', 'Minimalis Modern'], ['Pemandangan', 'Perkotaan'], ['Terjangkau Internet', 'Ya'], ['Lebar Jalan', '2 Mobil'], ['Tahun Dibangun', '2023'], ['Sumber Air', 'Sumur Bor'], ['Hook', 'Tidak'], ['Kondisi Properti', 'Baru'], ['ID Iklan', 'hos15146250']]"
Rp 950 Juta,"Ciledug, Tangerang","Jalur Telepon, Jogging Track, Keamanan, Kolam Renang,Taman,Tempat Jemuran,Track Lari","[['Kamar Tidur', '3'], ['Kamar Mandi', '2'], ['Luas Tanah', '72 m²'], ['Luas Bangunan', '77 m²'], ['Carport', '2'], ['Tipe Properti', 'Rumah'], ['Sertifikat', 'SHM - Sertifikat Hak Milik'], ['Daya Listrik', '2200 Watt'], ['Dapur', '1'], ['Ruang Makan', 'Ya'], ['Ruang Tamu', 'Ya'], ['Kondisi Perabotan', 'Unfurnished'], ['Material Bangunan', 'Beton, Bata Hebel'], ['Material Lantai', 'Granit, Keramik'], ['Garasi', '2'], ['Jumlah Lantai', '2'], ['Hadap', 'Utara'], ['Konsep dan Gaya Rumah', 'Modern'], ['Pemandangan', 'Perkotaan'], ['Terjangkau Internet', 'Ya'], ['Lebar Jalan', '2 Mobil'], ['Tahun Dibangun', '2023'], ['Sumber Air', 'Sumur Bor'], ['Hook', 'Tidak'], ['Kondisi Properti', 'Baru'], ['ID Iklan', 'hos15151934']]"
Rp 927 Juta,"Ciledug, Tangerang","Keamanan 24 jam, One Gate System,Taman","[['Kamar Tidur', '3'], ['Kamar Mandi', '2'], ['Luas Tanah', '58 m²'], ['Luas Bangunan', '51 m²'], ['Tipe Properti', 'Rumah'], ['Sertifikat', 'SHM - Sertifikat Hak Milik'], ['Daya Listrik', '2200 Watt'], ['Dapur', '1'], ['Ruang Makan', 'Ya'], ['Ruang Tamu', 'Ya'], ['Kondisi Perabotan', 'Unfurnished'], ['Garasi', '1'], ['Jumlah Lantai', '2'], ['Konsep dan Gaya Rumah', 'Modern'], ['Pemandangan', 'Perkotaan'], ['Terjangkau Internet', 'Ya'], ['Tahun Dibangun', '2023'], ['Sumber Air', 'Sumur Bor'], ['Hook', 'Tidak'], ['Kondisi Properti', 'Baru'], ['ID Iklan', 'hos15152855']]"
"Rp 1,84 Miliar","Ciledug, Tangerang","Jalur Telepon, Taman,Tempat Jemuran, Akses Parkir, CCTV,Keamanan 24 jam,Masjid, One Gate System, Playground, Tempat Laundry,AC,Wastafel","[['Kamar Tidur', '3'], ['Kamar Mandi', '3'], ['Luas Tanah', '88 m²'], ['Luas Bangunan', '120 m²'], ['Carport', '1'], ['Tipe Properti', 'Rumah'], ['Sertifikat', 'SHM - Sertifikat Hak Milik'], ['Daya Listrik', '2200 Watt'], ['Dapur', '1'], ['Ruang Makan', 'Tidak'], ['Ruang Tamu', 'Tidak'], ['Kondisi Perabotan', 'Unfurnished'], ['Material Bangunan', 'Bata Hebel'], ['Material Lantai', 'Granit'], ['Jumlah Lantai', '2'], ['Konsep dan Gaya Rumah', 'Modern'], ['Pemandangan', 'Perkotaan'], ['Terjangkau Internet', 'Ya'], ['Lebar Jalan', '2 Mobil'], ['Tahun Dibangun', '2023'], ['Sumber Air', 'Sumur Pompa'], ['Hook', 'Tidak'], ['Kondisi Properti', 'Baru'], ['ID Iklan', 'hos15229164']]"
Rp 700 Juta,"Ciledug, Tangerang",Tempat Jemuran,"[['Kamar Tidur', '3'], ['Kamar Mandi', '3'], ['Luas Tanah', '90 m²'], ['Luas Bangunan', '126 m²'], ['Tipe Properti', 'Rumah'], ['Sertifikat', 'SHM - Sertifikat Hak Milik'], ['Daya Listrik', '2200 Watt'], ['Kamar Pembantu', '1'], ['Dapur', '1'], ['Ruang Makan', 'Ya'], ['Ruang Tamu', 'Ya'], ['Kondisi Perabotan', 'Unfurnished'], ['Garasi', '1'], ['Jumlah Lantai', '2'], ['Konsep dan Gaya Rumah', 'Minimalis Modern'], ['Pemandangan', 'Perkotaan'], ['Terjangkau Internet', 'Ya'], ['Lebar Jalan', '2 Mobil'], ['Sumber Air', 'Sumur Pompa'], ['Hook', 'Tidak'], ['ID Iklan', 'hos15229496']]"
Rp 425 Juta,"Ciledug, Tangerang","Ac,Keamanan, Taman,Keamanan 24 jam, One Gate System,Kitchen Set,Wastafel","[['Kamar Tidur', '2'], ['Kamar Mandi', '1'], ['Luas Tanah', '50 m²'], ['Luas Bangunan', '40 m²'], ['Carport', '1'], ['Tipe Properti', 'Rumah'], ['Sertifikat', 'SHM - Sertifikat Hak Milik'], ['Daya Listrik', '1300 Watt'], ['Dapur', '1'], ['Ruang Makan', 'Ya'], ['Ruang Tamu', 'Ya'], ['Kondisi Perabotan', 'Semi Furnished'], ['Material Bangunan', 'Bata Hebel'], ['Material Lantai', 'Granit'], ['Jumlah Lantai', '1'], ['Hadap', 'Selatan'], ['Konsep dan Gaya Rumah', 'Minimalis'], ['Pemandangan', 'Perkotaan'], ['Terjangkau Internet', 'Ya'], ['Lebar Jalan', '1 Mobil'], ['Tahun Dibangun', '2023'], ['Tahun Di Renovasi', '2023'], ['Sumber Air', 'Sumur Bor'], ['Hook', 'Tidak'], ['Kondisi Properti', 'Baru'], ['ID Iklan', 'hos15230557']]"
"Rp 2,45 Miliar","Ciledug, Tangerang",,"[['Kamar Tidur', '4'], ['Kamar Mandi', '4'], ['Luas Tanah', '133 m²'], ['Luas Bangunan', '153 m²'], ['Tipe Properti', 'Rumah'], ['Sertifikat', 'SHM - Sertifikat Hak Milik'], ['Daya Listrik', '2200 Watt'], ['Kondisi Perabotan', 'semi furnished'], ['Jumlah Lantai', '1'], ['Kondisi Properti', 'bagus'], ['ID Iklan', 'hos15230990']]"
"Rp 3,5 Miliar","Ciledug, Tangerang",,"[['Kamar Tidur', '4'], ['Kamar Mandi', '3'], ['Luas Tanah', '289 m²'], ['Luas Bangunan', '400 m²'], ['Tipe Properti', 'Rumah'], ['Sertifikat', 'SHM - Sertifikat Hak Milik'], ['Daya Listrik', '5500 Watt'], ['Kamar Pembantu', '1'], ['Kamar Mandi Pembantu', '1'], ['Ruang Makan', 'Tidak'], ['Ruang Tamu', 'Tidak'], ['Kondisi Perabotan', 'Unfurnished'], ['Garasi', '2'], ['Jumlah Lantai', '1'], ['Terjangkau Internet', 'Tidak'], ['Sumber Air', 'Sumur Bor'], ['Hook', 'Tidak'], ['Kondisi Properti', 'Bagus'], ['ID Iklan', 'hos15231247']]"
"Rp 2,4 Miliar","Ciledug, Tangerang","Keamanan,Taman,Kitchen Set,Wastafel","[['Luas Tanah', '1775 m²'], ['Luas Bangunan', '800 m²'], ['Carport', '12'], ['Tipe Properti', 'Rumah'], ['Sertifikat', 'SHM - Sertifikat Hak Milik'], ['Daya Listrik', '3500 Watt'], ['Ruang Makan', 'Tidak'], ['Ruang Tamu', 'Tidak'], ['Kondisi Perabotan', 'Semi Furnished'], ['Material Bangunan', 'Batako'], ['Material Lantai', 'Keramik'], ['Jumlah Lantai', '1'], ['Hadap', 'Utara'], ['Pemandangan', 'Perkotaan'], ['Terjangkau Internet', 'Ya'], ['Tahun Dibangun', '2013'], ['Sumber Air', 'PAM atau PDAM'], ['Hook', 'Ya'], ['Kondisi Properti', 'Bagus'], ['ID Iklan', 'hos15234063']]"
"Rp 1,85 Miliar","Ciledug, Tangerang"," Ac,Jalur Telepon, Keamanan, Masjid,Taman,Tempat Jemuran, Akses Parkir, CCTV,Keamanan 24 jam, One Gate System, Playground, Tempat Laundry,Pemanas Air,Wastafel","[['Kamar Tidur', '3'], ['Kamar Mandi', '3'], ['Luas Tanah', '88 m²'], ['Luas Bangunan', '120 m²'], ['Carport', '1'], ['Tipe Properti', 'Rumah'], ['Sertifikat', 'SHM - Sertifikat Hak Milik'], ['Daya Listrik', '2200 Watt'], ['Dapur', '1'], ['Ruang Makan', 'Ya'], ['Ruang Tamu', 'Ya'], ['Kondisi Perabotan', 'Unfurnished'], ['Material Bangunan', 'Beton, Bata Merah'], ['Material Lantai', 'Granit'], ['Jumlah Lantai', '2'], ['Konsep dan Gaya Rumah', 'Minimalis Modern'], ['Terjangkau Internet', 'Ya'], ['Lebar Jalan', '2 Mobil'], ['Tahun Dibangun', '2023'], ['Sumber Air', 'Sumur Bor'], ['Hook', 'Tidak'], ['Kondisi Properti', 'Baru'], ['ID Iklan', 'hos15192574']]"
Rp 800 Juta,"Ciledug, Tangerang","Keamanan, Masjid,Taman,Tempat Jemuran, Akses Parkir,Keamanan 24 jam,Wastafel","[['Kamar Tidur', '4'], ['Kamar Mandi', '3'], ['Luas Tanah', '90 m²'], ['Luas Bangunan', '126 m²'], ['Carport', '1'], ['Tipe Properti', 'Rumah'], ['Sertifikat', 'SHM - Sertifikat Hak Milik'], ['Daya Listrik', '2200 Watt'], ['Dapur', '1'], ['Ruang Makan', 'Ya'], ['Ruang Tamu', 'Ya'], ['Kondisi Perabotan', 'Unfurnished'], ['Jumlah Lantai', '2'], ['Pemandangan', 'Pemukiman Warga'], ['Terjangkau Internet', 'Ya'], ['Lebar Jalan', '2 Mobil'], ['Sumber Air', 'Sumur Pompa'], ['Hook', 'Tidak'], ['Kondisi Properti', 'Bagus'], ['ID Iklan', 'hos15237428']]"
Rp 650 Juta,"Ciledug, Tangerang",,"[['Kamar Tidur', '2'], ['Kamar Mandi', '1'], ['Luas Tanah', '76 m²'], ['Luas Bangunan', '55 m²'], ['Tipe Properti', 'Rumah'], ['Sertifikat', 'SHM - Sertifikat Hak Milik'], ['Daya Listrik', '1300 Watt'], ['Garasi', '1'], ['ID Iklan', 'hos15295058']]"
"Rp 1,85 Miliar","Ciledug, Tangerang","Ac, Keamanan,Kolam Renang, Taman,Tempat Jemuran,Kitchen Set,Wastafel","[['Kamar Tidur', '3'], ['Kamar Mandi', '2'], ['Luas Tanah', '77 m²'], ['Luas Bangunan', '84 m²'], ['Carport', '2'], ['Tipe Properti', 'Rumah'], ['Sertifikat', 'SHM - Sertifikat Hak Milik'], ['Daya Listrik', '3500 Watt'], ['Kamar Pembantu', '1'], ['Kamar Mandi Pembantu', '1'], ['Dapur', '1'], ['Ruang Makan', 'Tidak'], ['Ruang Tamu', 'Tidak'], ['Kondisi Perabotan', 'Semi Furnished'], ['Material Lantai', 'Keramik'], ['Jumlah Lantai', '2'], ['Konsep dan Gaya Rumah', 'Modern'], ['Pemandangan', 'Pemukiman Warga'], ['Terjangkau Internet', 'Tidak'], ['Lebar Jalan', '2 Mobil'], ['Sumber Air', 'Sumur Pompa'], ['Hook', 'Tidak'], ['Kondisi Properti', 'Bagus'], ['ID Iklan', 'hos14880285']]"
"Rp 1,3 Miliar","Ciledug, Tangerang",Pemanas Air,"[['Kamar Tidur', '4'], ['Kamar Mandi', '2'], ['Luas Tanah', '90 m²'], ['Luas Bangunan', '170 m²'], ['Tipe Properti', 'Rumah'], ['Sertifikat', 'SHM - Sertifikat Hak Milik'], ['Dapur', '1'], ['Ruang Makan', 'Ya'], ['Ruang Tamu', 'Ya'], ['Kondisi Perabotan', 'Unfurnished'], ['Material Bangunan', 'Bata Merah'], ['Material Lantai', 'Keramik'], ['Jumlah Lantai', '2'], ['Konsep dan Gaya Rumah', 'Minimalis'], ['Pemandangan', 'Pemukiman Warga'], ['Terjangkau Internet', 'Ya'], ['Lebar Jalan', '2 Mobil'], ['Hook', 'Tidak'], ['Kondisi Properti', 'Bagus'], ['ID Iklan', 'hos14914694']]"
Rp 900 Juta,"Ciledug, Tangerang",,"[['Kamar Tidur', '5'], ['Kamar Mandi', '3'], ['Luas Tanah', '204 m²'], ['Luas Bangunan', '384 m²'], ['Tipe Properti', 'Rumah'], ['Sertifikat', 'Lainnya (PPJB,Girik,Adat,dll)'], ['Daya Listrik', 'Lainnya Watt'], ['ID Iklan', 'hos14921068']]"
Rp 1 Miliar,"Ciledug, Tangerang"," Ac, CCTV, Jalur Telepon, Jogging Track,Keamanan,Masjid, Taman,Tempat Jemuran,Pemanas Air,Wastafel, Lapangan Basket,Lapangan Bola, Lapangan Bulu Tangkis,Lapangan Tenis, Lapangan Voli, Tempat Gym, Track Lari","[['Kamar Tidur', '3'], ['Kamar Mandi', '2'], ['Luas Tanah', '51 m²'], ['Luas Bangunan', '75 m²'], ['Carport', '2'], ['Tipe Properti', 'Rumah'], ['Sertifikat', 'SHM - Sertifikat Hak Milik'], ['Daya Listrik', '2200 Watt'], ['Dapur', '1'], ['Ruang Makan', 'Tidak'], ['Ruang Tamu', 'Tidak'], ['Kondisi Perabotan', 'Unfurnished'], ['Material Bangunan', 'Batako, Beton, Bata Merah, Bata Hebel'], ['Material Lantai', 'Granit, Keramik, Ubin'], ['Jumlah Lantai', '2'], ['Hadap', 'Barat'], ['Konsep dan Gaya Rumah', 'Minimalis Modern'], ['Pemandangan', 'Pemukiman Warga'], ['Terjangkau Internet', 'Tidak'], ['Lebar Jalan', '2 Mobil'], ['Tahun Dibangun', '2023'], ['Sumber Air', 'Sumur Bor'], ['Hook', 'Tidak'], ['Kondisi Properti', 'Baru'], ['ID Iklan', 'hos14859607']]"
"Rp 8,5 Miliar","Ciledug, Tangerang","Taman,AC,Pemanas Air","[['Kamar Tidur', '3'], ['Kamar Mandi', '3'], ['Luas Tanah', '858 m²'], ['Luas Bangunan', '275 m²'], ['Tipe Properti', 'Rumah'], ['Sertifikat', 'SHM - Sertifikat Hak Milik'], ['Daya Listrik', '4400 Watt'], ['Ruang Makan', 'Tidak'], ['Ruang Tamu', 'Tidak'], ['Garasi', '4'], ['Terjangkau Internet', 'Tidak'], ['Hook', 'Tidak'], ['Kondisi Properti', 'Semi Furnished'], ['ID Iklan', 'hos14884938']]"
harga,alamat,fasilitas,spesifikasi
Rp 370 Juta,"Panongan, Tangerang",Tempat Jemuran,"[['Kamar Tidur', '2'], ['Kamar Mandi', '2'], ['Luas Tanah', '60 m²'], ['Luas Bangunan', '36 m²'], ['Tipe Properti', 'Rumah'], ['Sertifikat', 'HGB - Hak Guna Bangunan'], ['Daya Listrik', '1300 Watt'], ['Ruang Makan', 'Tidak'], ['Ruang Tamu', 'Tidak'], ['Kondisi Perabotan', 'Unfurnished'], ['Garasi', '1'], ['Terjangkau Internet', 'Tidak'], ['Hook', 'Tidak'], ['Kondisi Properti', 'Bagus'], ['ID Iklan', 'hos15190748']]"
"Rp 1,3 Miliar","Panongan, Tangerang","Jalur Telepon,Taman,Akses Parkir, CCTV,Keamanan 24 jam, Kolam Renang, One Gate System, Playground,Wastafel,Tempat Gym,Track Lari","[['Kamar Tidur', '3'], ['Kamar Mandi', '3'], ['Luas Tanah', '84 m²'], ['Luas Bangunan', '93 m²'], ['Carport', '1'], ['Tipe Properti', 'Rumah'], ['Sertifikat', 'Lainnya (PPJB,Girik,Adat,dll)'], ['Daya Listrik', '2200 Watt'], ['Kamar Pembantu', '1'], ['Kamar Mandi Pembantu', '1'], ['Dapur', '1'], ['Ruang Makan', 'Ya'], ['Ruang Tamu', 'Ya'], ['Kondisi Perabotan', 'Unfurnished'], ['Jumlah Lantai', '2'], ['Terjangkau Internet', 'Ya'], ['Lebar Jalan', '2 Mobil'], ['Sumber Air', 'PAM atau PDAM'], ['Hook', 'Tidak'], ['Kondisi Properti', 'Baru'], ['ID Iklan', 'hos14544351']]"
Rp 950 Juta,"Panongan, Tangerang",Taman,"[['Kamar Tidur', '2'], ['Kamar Mandi', '2'], ['Luas Tanah', '96 m²'], ['Luas Bangunan', '51 m²'], ['Tipe Properti', 'Rumah'], ['Sertifikat', 'SHM - Sertifikat Hak Milik'], ['Daya Listrik', 'Lainnya Watt'], ['Kamar Pembantu', '1'], ['Kamar Mandi Pembantu', '1'], ['Garasi', '1'], ['Jumlah Lantai', '1'], ['Kondisi Properti', 'bagus'], ['ID Iklan', 'hos14547080']]"
"Rp 1,88 Miliar","Panongan, Tangerang","Taman,Tempat Jemuran,Keamanan 24 jam","[['Kamar Tidur', '4'], ['Kamar Mandi', '4'], ['Luas Tanah', '157 m²'], ['Luas Bangunan', '260 m²'], ['Carport', '1'], ['Tipe Properti', 'Rumah'], ['Sertifikat', 'SHM - Sertifikat Hak Milik'], ['Daya Listrik', '2200 Watt'], ['Dapur', '1'], ['Ruang Makan', 'Ya'], ['Ruang Tamu', 'Ya'], ['Kondisi Perabotan', 'Unfurnished'], ['Jumlah Lantai', '2'], ['Hadap', 'Timur'], ['Terjangkau Internet', 'Tidak'], ['Hook', 'Tidak'], ['Kondisi Properti', 'Bagus'], ['ID Iklan', 'hos14686650']]"
"Rp 1,35 Miliar","Panongan, Tangerang","AC,Kitchen Set","[['Kamar Tidur', '3'], ['Kamar Mandi', '2'], ['Luas Tanah', '72 m²'], ['Luas Bangunan', '80 m²'], ['Tipe Properti', 'Rumah'], ['Sertifikat', 'SHM - Sertifikat Hak Milik'], ['Daya Listrik', '4400 Watt'], ['Ruang Makan', 'Tidak'], ['Ruang Tamu', 'Tidak'], ['Kondisi Perabotan', 'Furnished'], ['Jumlah Lantai', '2'], ['Terjangkau Internet', 'Tidak'], ['Sumber Air', 'PAM atau PDAM'], ['Hook', 'Tidak'], ['Kondisi Properti', 'Bagus'], ['ID Iklan', 'hos14753122']]"
Rp 488 Juta,"Panongan, Tangerang"," Ac,Jogging Track,Keamanan, Taman,Tempat Jemuran, CCTV,Keamanan 24 jam, One Gate System, Playground,Pemanas Air,Tempat Gym,Track Lari","[['Kamar Tidur', '2'], ['Kamar Mandi', '1'], ['Luas Tanah', '50 m²'], ['Luas Bangunan', '31 m²'], ['Carport', '1'], ['Tipe Properti', 'Rumah'], ['Sertifikat', 'HGB - Hak Guna Bangunan'], ['Daya Listrik', '2200 Watt'], ['Ruang Makan', 'Tidak'], ['Ruang Tamu', 'Tidak'], ['Kondisi Perabotan', 'Unfurnished'], ['Material Bangunan', 'Bata Merah'], ['Material Lantai', 'Keramik, Marmer'], ['Garasi', '1'], ['Jumlah Lantai', '1'], ['Hadap', 'Barat'], ['Konsep dan Gaya Rumah', 'Scandinavian'], ['Pemandangan', 'Perkotaan'], ['Terjangkau Internet', 'Tidak'], ['Lebar Jalan', '2 Mobil'], ['Tahun Dibangun', '2023'], ['Sumber Air', 'PAM atau PDAM'], ['Hook', 'Tidak'], ['Kondisi Properti', 'Baru'], ['ID Iklan', 'hos14913718']]"
Rp 640 Juta,"Panongan, Tangerang"," Jogging Track,Keamanan,Taman,Tempat Jemuran, CCTV,Keamanan 24 jam, One Gate System, Playground,Pemanas Air,Tempat Gym,Track Lari","[['Kamar Tidur', '2'], ['Kamar Mandi', '1'], ['Luas Tanah', '72 m²'], ['Luas Bangunan', '38 m²'], ['Carport', '1'], ['Tipe Properti', 'Rumah'], ['Sertifikat', 'HGB - Hak Guna Bangunan'], ['Daya Listrik', '2200 Watt'], ['Dapur', '1'], ['Ruang Makan', 'Tidak'], ['Ruang Tamu', 'Tidak'], ['Kondisi Perabotan', 'Unfurnished'], ['Material Bangunan', 'Bata Merah'], ['Material Lantai', 'Marmer'], ['Garasi', '1'], ['Jumlah Lantai', '1'], ['Hadap', 'Utara'], ['Konsep dan Gaya Rumah', 'Scandinavian'], ['Pemandangan', 'Perkotaan'], ['Terjangkau Internet', 'Ya'], ['Lebar Jalan', '2 Mobil'], ['Tahun Dibangun', '2023'], ['Sumber Air', 'PAM atau PDAM'], ['Hook', 'Tidak'], ['Kondisi Properti', 'Baru'], ['ID Iklan', 'hos14916321']]"
"Rp 1,13 Miliar","Panongan, Tangerang","CCTV, Jogging Track, Keamanan,Taman,Tempat Jemuran,Keamanan 24 jam, One Gate System, Playground,Pemanas Air,Wastafel,Tempat Gym,Track Lari","[['Kamar Tidur', '3'], ['Kamar Mandi', '2'], ['Luas Tanah', '84 m²'], ['Luas Bangunan', '82 m²'], ['Carport', '2'], ['Tipe Properti', 'Rumah'], ['Sertifikat', 'HGB - Hak Guna Bangunan'], ['Daya Listrik', '2200 Watt'], ['Dapur', '1'], ['Ruang Makan', 'Tidak'], ['Ruang Tamu', 'Tidak'], ['Kondisi Perabotan', 'Unfurnished'], ['Material Bangunan', 'Bata Merah'], ['Material Lantai', 'Marmer'], ['Garasi', '2'], ['Jumlah Lantai', '2'], ['Hadap', 'Utara'], ['Konsep dan Gaya Rumah', 'Scandinavian'], ['Pemandangan', 'Perkotaan'], ['Terjangkau Internet', 'Ya'], ['Lebar Jalan', '2 Mobil'], ['Tahun Dibangun', '2023'], ['Sumber Air', 'PAM atau PDAM'], ['Hook', 'Tidak'], ['Kondisi Properti', 'Baru'], ['ID Iklan', 'hos14917674']]"
Rp 640 Juta,"Panongan, Tangerang"," Jalur Telepon, Jogging Track,Keamanan,Kolam Renang, Taman, CCTV,Keamanan 24 jam, One Gate System, Playground,Lapangan Bulu Tangkis,Tempat Gym, Track Lari","[['Kamar Tidur', '2'], ['Kamar Mandi', '1'], ['Luas Tanah', '72 m²'], ['Luas Bangunan', '38 m²'], ['Carport', '1'], ['Tipe Properti', 'Rumah'], ['Sertifikat', 'SHM - Sertifikat Hak Milik'], ['Daya Listrik', '2200 Watt'], ['Dapur', '1'], ['Ruang Makan', 'Tidak'], ['Ruang Tamu', 'Tidak'], ['Kondisi Perabotan', 'Unfurnished'], ['Material Bangunan', 'Bata Hebel'], ['Material Lantai', 'Granit'], ['Jumlah Lantai', '1'], ['Hadap', 'Selatan'], ['Konsep dan Gaya Rumah', 'Minimalis Modern'], ['Pemandangan', 'Pedesaan'], ['Terjangkau Internet', 'Ya'], ['Lebar Jalan', '2 Mobil'], ['Tahun Dibangun', '2023'], ['Hook', 'Tidak'], ['Kondisi Properti', 'Baru'], ['ID Iklan', 'hos14983407']]"
Rp 325 Juta,"Panongan, Tangerang",Tempat Jemuran,"[['Kamar Tidur', '2'], ['Kamar Mandi', '1'], ['Luas Tanah', '60 m²'], ['Luas Bangunan', '42 m²'], ['Tipe Properti', 'Rumah'], ['Sertifikat', 'SHM - Sertifikat Hak Milik'], ['Daya Listrik', '1300 Watt'], ['Ruang Makan', 'Tidak'], ['Ruang Tamu', 'Tidak'], ['Kondisi Perabotan', 'Unfurnished'], ['Garasi', '1'], ['Terjangkau Internet', 'Tidak'], ['Hook', 'Tidak'], ['Kondisi Properti', 'Bagus'], ['ID Iklan', 'hos14927950']]"
Rp 350 Juta,"Panongan, Tangerang",Tempat Jemuran,"[['Kamar Tidur', '4'], ['Kamar Mandi', '3'], ['Luas Tanah', '102 m²'], ['Luas Bangunan', '78 m²'], ['Tipe Properti', 'Rumah'], ['Sertifikat', 'Lainnya (PPJB,Girik,Adat,dll)'], ['Daya Listrik', '2200 Watt'], ['Dapur', '1'], ['Ruang Makan', 'Tidak'], ['Ruang Tamu', 'Tidak'], ['Kondisi Perabotan', 'Unfurnished'], ['Garasi', '3'], ['Jumlah Lantai', '2'], ['Terjangkau Internet', 'Tidak'], ['Sumber Air', 'PAM atau PDAM'], ['Hook', 'Tidak'], ['Kondisi Properti', 'Bagus'], ['ID Iklan', 'hos14928214']]"
Rp 450 Juta,"Panongan, Tangerang",,"[['Kamar Tidur', '2'], ['Kamar Mandi', '1'], ['Luas Tanah', '115 m²'], ['Luas Bangunan', '115 m²'], ['Tipe Properti', 'Rumah'], ['Sertifikat', 'SHM - Sertifikat Hak Milik'], ['Daya Listrik', '1300 Watt'], ['Garasi', '1'], ['Kondisi Properti', 'Unfurnished'], ['ID Iklan', 'hos14928197']]"
Rp 275 Juta,"Panongan, Tangerang",Tempat Jemuran,"[['Kamar Tidur', '2'], ['Kamar Mandi', '1'], ['Luas Tanah', '60 m²'], ['Luas Bangunan', '60 m²'], ['Tipe Properti', 'Rumah'], ['Sertifikat', 'SHM - Sertifikat Hak Milik'], ['Daya Listrik', '1300 Watt'], ['Dapur', '1'], ['Ruang Makan', 'Tidak'], ['Ruang Tamu', 'Tidak'], ['Kondisi Perabotan', 'Unfurnished'], ['Garasi', '1'], ['Jumlah Lantai', '1'], ['Terjangkau Internet', 'Tidak'], ['Hook', 'Tidak'], ['Kondisi Properti', 'Bagus'], ['ID Iklan', 'hos14928127']]"
Rp 630 Juta,"Panongan, Tangerang","Keamanan 24 jam,Masjid, One Gate System, Taman","[['Kamar Tidur', '2'], ['Kamar Mandi', '2'], ['Luas Tanah', '72 m²'], ['Luas Bangunan', '40 m²'], ['Tipe Properti', 'Rumah'], ['Sertifikat', 'SHM - Sertifikat Hak Milik'], ['Daya Listrik', '1300 Watt'], ['Ruang Makan', 'Tidak'], ['Ruang Tamu', 'Tidak'], ['Kondisi Perabotan', 'Unfurnished'], ['Jumlah Lantai', '1'], ['Konsep dan Gaya Rumah', 'Minimalis Modern'], ['Terjangkau Internet', 'Tidak'], ['Sumber Air', 'PAM atau PDAM'], ['Hook', 'Tidak'], ['Kondisi Properti', 'Bagus'], ['ID Iklan', 'hos15224743']]"
"Rp 1,13 Miliar","Panongan, Tangerang","Jalur Telepon, Taman,Tempat Jemuran,Akses Parkir, CCTV,Keamanan 24 jam, One Gate System","[['Kamar Tidur', '3'], ['Kamar Mandi', '2'], ['Luas Tanah', '84 m²'], ['Luas Bangunan', '82 m²'], ['Tipe Properti', 'Rumah'], ['Sertifikat', 'SHM - Sertifikat Hak Milik'], ['Daya Listrik', '2200 Watt'], ['Ruang Makan', 'Ya'], ['Ruang Tamu', 'Ya'], ['Garasi', '1'], ['Jumlah Lantai', '2'], ['Terjangkau Internet', 'Ya'], ['Lebar Jalan', '3 Mobil'], ['Sumber Air', 'PAM atau PDAM'], ['Hook', 'Tidak'], ['Kondisi Properti', 'Baru'], ['ID Iklan', 'hos15231032']]"
Rp 310 Juta,"Panongan, Tangerang",Tempat Jemuran,"[['Kamar Tidur', '2'], ['Kamar Mandi', '2'], ['Luas Tanah', '60 m²'], ['Luas Bangunan', '60 m²'], ['Tipe Properti', 'Rumah'], ['Sertifikat', 'HGB - Hak Guna Bangunan'], ['Daya Listrik', '1300 Watt'], ['Ruang Makan', 'Tidak'], ['Ruang Tamu', 'Tidak'], ['Kondisi Perabotan', 'Unfurnished'], ['Garasi', '1'], ['Jumlah Lantai', '1'], ['Terjangkau Internet', 'Tidak'], ['Hook', 'Tidak'], ['Kondisi Properti', 'Bagus'], ['ID Iklan', 'hos15193552']]"
Rp 540 Juta,"Panongan, Tangerang","Taman,Tempat Jemuran,Keamanan 24 jam","[['Kamar Tidur', '2'], ['Kamar Mandi', '1'], ['Luas Tanah', '72 m²'], ['Luas Bangunan', '36 m²'], ['Carport', '1'], ['Tipe Properti', 'Rumah'], ['Sertifikat', 'SHM - Sertifikat Hak Milik'], ['Daya Listrik', '2200 Watt'], ['Dapur', '1'], ['Ruang Makan', 'Ya'], ['Ruang Tamu', 'Ya'], ['Kondisi Perabotan', 'Unfurnished'], ['Jumlah Lantai', '1'], ['Hadap', 'Barat'], ['Terjangkau Internet', 'Tidak'], ['Hook', 'Tidak'], ['Kondisi Properti', 'Bagus'], ['ID Iklan', 'hos14197744']]"
Rp 540 Juta,"Panongan, Tangerang","Taman,Tempat Jemuran,Keamanan 24 jam","[['Kamar Tidur', '2'], ['Kamar Mandi', '1'], ['Luas Tanah', '72 m²'], ['Luas Bangunan', '36 m²'], ['Carport', '1'], ['Tipe Properti', 'Rumah'], ['Sertifikat', 'SHM - Sertifikat Hak Milik'], ['Daya Listrik', '2200 Watt'], ['Dapur', '1'], ['Ruang Makan', 'Ya'], ['Ruang Tamu', 'Ya'], ['Kondisi Perabotan', 'Unfurnished'], ['Jumlah Lantai', '1'], ['Hadap', 'Barat'], ['Terjangkau Internet', 'Tidak'], ['Hook', 'Tidak'], ['Kondisi Properti', 'Bagus'], ['ID Iklan', 'hos14197747']]"
Rp 825 Juta,"Panongan, Tangerang","Taman,Masjid, Playground,Wastafel,Track Lari","[['Kamar Tidur', '2'], ['Kamar Mandi', '2'], ['Luas Tanah', '96 m²'], ['Luas Bangunan', '110 m²'], ['Carport', '1'], ['Tipe Properti', 'Rumah'], ['Sertifikat', 'SHM - Sertifikat Hak Milik'], ['Daya Listrik', '2200 Watt'], ['Ruang Tamu', 'Ya'], ['Kondisi Perabotan', 'Unfurnished'], ['Material Bangunan', 'Bata Hebel'], ['Material Lantai', 'Granit'], ['Garasi', '1'], ['Jumlah Lantai', '2'], ['Konsep dan Gaya Rumah', 'Minimalis Modern'], ['Pemandangan', 'Pemukiman Warga'], ['Terjangkau Internet', 'Ya'], ['Lebar Jalan', '2 Mobil'], ['Sumber Air', 'PAM atau PDAM'], ['Hook', 'Tidak'], ['ID Iklan', 'hos14377976']]"
Rp 400 Juta,"Panongan, Tangerang",Tempat Jemuran,"[['Kamar Tidur', '2'], ['Kamar Mandi', '2'], ['Luas Tanah', '72 m²'], ['Luas Bangunan', '36 m²'], ['Tipe Properti', 'Rumah'], ['Sertifikat', 'Lainnya (PPJB,Girik,Adat,dll)'], ['Daya Listrik', '1300 Watt'], ['Ruang Makan', 'Tidak'], ['Ruang Tamu', 'Tidak'], ['Kondisi Perabotan', 'Unfurnished'], ['Garasi', '1'], ['Terjangkau Internet', 'Tidak'], ['Hook', 'Tidak'], ['Kondisi Properti', 'Bagus'], ['ID Iklan', 'hos15190753']]"
